201,25-01-2015 12:15:45,401,Books,Hadoop in Action,300,2,Mumbai,Maharashtra,CreditCard
202,25-01-2015 12:18:45,402,Games,NFS wost Wanted,600,3,Pune,Maharashtra,Net Banking
203,25-01-2015 12:20:45,404,Electronics,Laptop,35000,1,Noida,Delhi,Debit Card
204,02-12-2015 06:20:15,403,Cosmetics,Nivea Body lotion,120,2,Surat,Gujrat,CreditCard
205,02-12-2015 06:20:15,402,Games,NFS wost Wanted,600,1,Noida,Delhi,Debit Card
301,28-02-2015 18:20:36,403,Electronics,Pendrive,500,1,Surat,Gujrat,CreditCard
302,28-02-2015 18:23:36,404,Apparels,T-shirt,3000,1,Pune,Maharashtra,Net Banking
303,28-02-2015 18:30:36,401,Books,Hadoop in Practice,475,3,Surat,Gujrat,CreditCard
304,02-12-2015 06:20:15,404,Apparels,Kurtis,700,2,Mumbai,Maharashtra,CreditCard
305,15-03-2015 15:20:40,405,Electronics,Laptop,35000,4,Noida,Delhi,Net Banking
401,03-10-2015 10:20:40,402,Cosmetics,Nivea Body lotion,120,2,Surat,Gujrat,CreditCard
402,25-01-2015 12:18:45,404,Games,Counter Strike,250,4,Pune,Maharashtra,Debit Card
403,03-10-2015 10:20:40,405,Apparels,T-shirt,2000,2,Noida,Delhi,Net Banking
404,25-01-2015 12:20:45,401,Books,Hadoop in Action,300,1,Mumbai,Maharashtra,CreditCard
405,15-03-2015 15:20:40,403,Apparels,Kurtis,800,4,Surat,Gujrat,Debit Card
501,02-12-2015 06:20:15,405,Electronics,Pendrive,500,4,Noida,Delhi,CreditCard
502,03-05-2015 01:20:40,402,Apparels,T-shirt,700,1,Mumbai,Maharashtra,Net Banking
503,28-02-2015 18:24:36,404,Games,NFS wost Wanted,800,4,Pune,Maharashtra,CreditCard
504,25-01-2015 12:18:45,405,Cosmetics,Garnier Facewash,60,3,Surat,Gujrat,Debit Card
505,15-03-2015 15:20:40,401,Electronics,Pendrive,450,1,Noida,Delhi,Net Banking
601,28-02-2015 14:20:36,405,Apparels,Kurtis,570,4,Mumbai,Maharashtra,CreditCard
602,02-12-2015 06:20:15,402,Books,Hadoop in Practice,475,1,Surat,Gujrat,Debit Card
603,03-05-2015 01:20:40,405,Apparels,skirts,3000,6,Pune,Maharashtra,Net Banking
604,28-02-2015 17:20:36,401,Electronics,Smart Phone,15000,5,Surat,Gujrat,CreditCard
605,03-10-2015 10:20:40,403,Games,Counter Strike,500,6,Noida,Delhi,Debit Card
701,02-12-2015 06:20:15,402,Cosmetics,Garnier Facewash,70,7,Mumbai,Maharashtra,Net Banking
702,03-05-2015 01:20:40,403,Apparels,skirts,5000,1,Pune,Maharashtra,CreditCard
703,15-02-2015 16:20:40,404,Books,Professional Hadoop,600,1,Noida,Delhi,Net Banking
704,15-03-2015 15:20:40,401,Cosmetics,Garnier Facewash,60,3,Pune,Maharashtra,CreditCard
705,23-02-2015 18:20:36,404,Electronics,Smart Phone,20000,3,Mumbai,Maharashtra,CreditCard
